OrderID,OrderName,Category,Subcategory,Modality,Contrast,BodyPart,Laterality,PriorityDefault,CodingSystem,Code,Keywords
IMG01000,X-ray chest (WO),Chest,X-ray,X-ray,WO,Chest,,Routine,,,"Chest, X-ray, WO"
IMG01001,X-ray chest (W),Chest,X-ray,X-ray,W,Chest,,Routine,,,"Chest, X-ray, W"
IMG01002,X-ray chest (W/WO),Chest,X-ray,X-ray,W/WO,Chest,,Routine,,,"Chest, X-ray, W/WO"
IMG01003,X-ray chest,Chest,X-ray,X-ray,N/A,Chest,,Routine,,,"Chest, X-ray, N/A"
IMG01004,CT chest (WO),Chest,CT,CT,WO,Chest,,Routine,,,"Chest, CT, WO"
IMG01005,CT chest (W),Chest,CT,CT,W,Chest,,Routine,,,"Chest, CT, W"
IMG01006,CT chest (W/WO),Chest,CT,CT,W/WO,Chest,,Routine,,,"Chest, CT, W/WO"
IMG01007,CT chest,Chest,CT,CT,N/A,Chest,,Routine,,,"Chest, CT, N/A"
IMG01008,MRI chest (WO),Chest,MRI,MRI,WO,Chest,,Routine,,,"Chest, MRI, WO"
IMG01009,MRI chest (W),Chest,MRI,MRI,W,Chest,,Routine,,,"Chest, MRI, W"
IMG01010,MRI chest (W/WO),Chest,MRI,MRI,W/WO,Chest,,Routine,,,"Chest, MRI, W/WO"
IMG01011,MRI chest,Chest,MRI,MRI,N/A,Chest,,Routine,,,"Chest, MRI, N/A"
IMG01012,Ultrasound chest (WO),Chest,Ultrasound,Ultrasound,WO,Chest,,Routine,,,"Chest, Ultrasound, WO"
IMG01013,Ultrasound chest (W),Chest,Ultrasound,Ultrasound,W,Chest,,Routine,,,"Chest, Ultrasound, W"
IMG01014,Ultrasound chest (W/WO),Chest,Ultrasound,Ultrasound,W/WO,Chest,,Routine,,,"Chest, Ultrasound, W/WO"
IMG01015,Ultrasound chest,Chest,Ultrasound,Ultrasound,N/A,Chest,,Routine,,,"Chest, Ultrasound, N/A"
IMG01016,X-ray abdomen (WO),Abdomen/Pelvis,X-ray,X-ray,WO,Abdomen,,Routine,,,"Abdomen, X-ray, WO"
IMG01017,X-ray abdomen (W),Abdomen/Pelvis,X-ray,X-ray,W,Abdomen,,Routine,,,"Abdomen, X-ray, W"
IMG01018,X-ray abdomen (W/WO),Abdomen/Pelvis,X-ray,X-ray,W/WO,Abdomen,,Routine,,,"Abdomen, X-ray, W/WO"
IMG01019,X-ray abdomen,Abdomen/Pelvis,X-ray,X-ray,N/A,Abdomen,,Routine,,,"Abdomen, X-ray, N/A"
IMG01020,CT abdomen (WO),Abdomen/Pelvis,CT,CT,WO,Abdomen,,Routine,,,"Abdomen, CT, WO"
IMG01021,CT abdomen (W),Abdomen/Pelvis,CT,CT,W,Abdomen,,Routine,,,"Abdomen, CT, W"
IMG01022,CT abdomen (W/WO),Abdomen/Pelvis,CT,CT,W/WO,Abdomen,,Routine,,,"Abdomen, CT, W/WO"
IMG01023,CT abdomen,Abdomen/Pelvis,CT,CT,N/A,Abdomen,,Routine,,,"Abdomen, CT, N/A"
IMG01024,MRI abdomen (WO),Abdomen/Pelvis,MRI,MRI,WO,Abdomen,,Routine,,,"Abdomen, MRI, WO"
IMG01025,MRI abdomen (W),Abdomen/Pelvis,MRI,MRI,W,Abdomen,,Routine,,,"Abdomen, MRI, W"
IMG01026,MRI abdomen (W/WO),Abdomen/Pelvis,MRI,MRI,W/WO,Abdomen,,Routine,,,"Abdomen, MRI, W/WO"
IMG01027,MRI abdomen,Abdomen/Pelvis,MRI,MRI,N/A,Abdomen,,Routine,,,"Abdomen, MRI, N/A"
IMG01028,Ultrasound abdomen (WO),Abdomen/Pelvis,Ultrasound,Ultrasound,WO,Abdomen,,Routine,,,"Abdomen, Ultrasound, WO"
IMG01029,Ultrasound abdomen (W),Abdomen/Pelvis,Ultrasound,Ultrasound,W,Abdomen,,Routine,,,"Abdomen, Ultrasound, W"
IMG01030,Ultrasound abdomen (W/WO),Abdomen/Pelvis,Ultrasound,Ultrasound,W/WO,Abdomen,,Routine,,,"Abdomen, Ultrasound, W/WO"
IMG01031,Ultrasound abdomen,Abdomen/Pelvis,Ultrasound,Ultrasound,N/A,Abdomen,,Routine,,,"Abdomen, Ultrasound, N/A"
IMG01032,X-ray pelvis (WO),Abdomen/Pelvis,X-ray,X-ray,WO,Pelvis,,Routine,,,"Pelvis, X-ray, WO"
IMG01033,X-ray pelvis (W),Abdomen/Pelvis,X-ray,X-ray,W,Pelvis,,Routine,,,"Pelvis, X-ray, W"
IMG01034,X-ray pelvis (W/WO),Abdomen/Pelvis,X-ray,X-ray,W/WO,Pelvis,,Routine,,,"Pelvis, X-ray, W/WO"
IMG01035,X-ray pelvis,Abdomen/Pelvis,X-ray,X-ray,N/A,Pelvis,,Routine,,,"Pelvis, X-ray, N/A"
IMG01036,CT pelvis (WO),Abdomen/Pelvis,CT,CT,WO,Pelvis,,Routine,,,"Pelvis, CT, WO"
IMG01037,CT pelvis (W),Abdomen/Pelvis,CT,CT,W,Pelvis,,Routine,,,"Pelvis, CT, W"
IMG01038,CT pelvis (W/WO),Abdomen/Pelvis,CT,CT,W/WO,Pelvis,,Routine,,,"Pelvis, CT, W/WO"
IMG01039,CT pelvis,Abdomen/Pelvis,CT,CT,N/A,Pelvis,,Routine,,,"Pelvis, CT, N/A"
IMG01040,MRI pelvis (WO),Abdomen/Pelvis,MRI,MRI,WO,Pelvis,,Routine,,,"Pelvis, MRI, WO"
IMG01041,MRI pelvis (W),Abdomen/Pelvis,MRI,MRI,W,Pelvis,,Routine,,,"Pelvis, MRI, W"
IMG01042,MRI pelvis (W/WO),Abdomen/Pelvis,MRI,MRI,W/WO,Pelvis,,Routine,,,"Pelvis, MRI, W/WO"
IMG01043,MRI pelvis,Abdomen/Pelvis,MRI,MRI,N/A,Pelvis,,Routine,,,"Pelvis, MRI, N/A"
IMG01044,Ultrasound pelvis (WO),Abdomen/Pelvis,Ultrasound,Ultrasound,WO,Pelvis,,Routine,,,"Pelvis, Ultrasound, WO"
IMG01045,Ultrasound pelvis (W),Abdomen/Pelvis,Ultrasound,Ultrasound,W,Pelvis,,Routine,,,"Pelvis, Ultrasound, W"
IMG01046,Ultrasound pelvis (W/WO),Abdomen/Pelvis,Ultrasound,Ultrasound,W/WO,Pelvis,,Routine,,,"Pelvis, Ultrasound, W/WO"
IMG01047,Ultrasound pelvis,Abdomen/Pelvis,Ultrasound,Ultrasound,N/A,Pelvis,,Routine,,,"Pelvis, Ultrasound, N/A"
IMG01048,X-ray abdomen/pelvis (WO),Abdomen/Pelvis,X-ray,X-ray,WO,Abdomen/Pelvis,,Routine,,,"Abdomen/Pelvis, X-ray, WO"
IMG01049,X-ray abdomen/pelvis (W),Abdomen/Pelvis,X-ray,X-ray,W,Abdomen/Pelvis,,Routine,,,"Abdomen/Pelvis, X-ray, W"
IMG01050,X-ray abdomen/pelvis (W/WO),Abdomen/Pelvis,X-ray,X-ray,W/WO,Abdomen/Pelvis,,Routine,,,"Abdomen/Pelvis, X-ray, W/WO"
IMG01051,X-ray abdomen/pelvis,Abdomen/Pelvis,X-ray,X-ray,N/A,Abdomen/Pelvis,,Routine,,,"Abdomen/Pelvis, X-ray, N/A"
IMG01052,CT abdomen/pelvis (WO),Abdomen/Pelvis,CT,CT,WO,Abdomen/Pelvis,,Routine,,,"Abdomen/Pelvis, CT, WO"
IMG01053,CT abdomen/pelvis (W),Abdomen/Pelvis,CT,CT,W,Abdomen/Pelvis,,Routine,,,"Abdomen/Pelvis, CT, W"
IMG01054,CT abdomen/pelvis (W/WO),Abdomen/Pelvis,CT,CT,W/WO,Abdomen/Pelvis,,Routine,,,"Abdomen/Pelvis, CT, W/WO"
IMG01055,CT abdomen/pelvis,Abdomen/Pelvis,CT,CT,N/A,Abdomen/Pelvis,,Routine,,,"Abdomen/Pelvis, CT, N/A"
IMG01056,MRI abdomen/pelvis (WO),Abdomen/Pelvis,MRI,MRI,WO,Abdomen/Pelvis,,Routine,,,"Abdomen/Pelvis, MRI, WO"
IMG01057,MRI abdomen/pelvis (W),Abdomen/Pelvis,MRI,MRI,W,Abdomen/Pelvis,,Routine,,,"Abdomen/Pelvis, MRI, W"
IMG01058,MRI abdomen/pelvis (W/WO),Abdomen/Pelvis,MRI,MRI,W/WO,Abdomen/Pelvis,,Routine,,,"Abdomen/Pelvis, MRI, W/WO"
IMG01059,MRI abdomen/pelvis,Abdomen/Pelvis,MRI,MRI,N/A,Abdomen/Pelvis,,Routine,,,"Abdomen/Pelvis, MRI, N/A"
IMG01060,Ultrasound abdomen/pelvis (WO),Abdomen/Pelvis,Ultrasound,Ultrasound,WO,Abdomen/Pelvis,,Routine,,,"Abdomen/Pelvis, Ultrasound, WO"
IMG01061,Ultrasound abdomen/pelvis (W),Abdomen/Pelvis,Ultrasound,Ultrasound,W,Abdomen/Pelvis,,Routine,,,"Abdomen/Pelvis, Ultrasound, W"
IMG01062,Ultrasound abdomen/pelvis (W/WO),Abdomen/Pelvis,Ultrasound,Ultrasound,W/WO,Abdomen/Pelvis,,Routine,,,"Abdomen/Pelvis, Ultrasound, W/WO"
IMG01063,Ultrasound abdomen/pelvis,Abdomen/Pelvis,Ultrasound,Ultrasound,N/A,Abdomen/Pelvis,,Routine,,,"Abdomen/Pelvis, Ultrasound, N/A"
IMG01064,X-ray head (WO),Head/Neuro,X-ray,X-ray,WO,Head,,Routine,,,"Head, X-ray, WO"
IMG01065,X-ray head (W),Head/Neuro,X-ray,X-ray,W,Head,,Routine,,,"Head, X-ray, W"
IMG01066,X-ray head (W/WO),Head/Neuro,X-ray,X-ray,W/WO,Head,,Routine,,,"Head, X-ray, W/WO"
IMG01067,X-ray head,Head/Neuro,X-ray,X-ray,N/A,Head,,Routine,,,"Head, X-ray, N/A"
IMG01068,CT head (WO),Head/Neuro,CT,CT,WO,Head,,Routine,,,"Head, CT, WO"
IMG01069,CT head (W),Head/Neuro,CT,CT,W,Head,,Routine,,,"Head, CT, W"
IMG01070,CT head (W/WO),Head/Neuro,CT,CT,W/WO,Head,,Routine,,,"Head, CT, W/WO"
IMG01071,CT head,Head/Neuro,CT,CT,N/A,Head,,Routine,,,"Head, CT, N/A"
IMG01072,MRI head (WO),Head/Neuro,MRI,MRI,WO,Head,,Routine,,,"Head, MRI, WO"
IMG01073,MRI head (W),Head/Neuro,MRI,MRI,W,Head,,Routine,,,"Head, MRI, W"
IMG01074,MRI head (W/WO),Head/Neuro,MRI,MRI,W/WO,Head,,Routine,,,"Head, MRI, W/WO"
IMG01075,MRI head,Head/Neuro,MRI,MRI,N/A,Head,,Routine,,,"Head, MRI, N/A"
IMG01076,Ultrasound head (WO),Head/Neuro,Ultrasound,Ultrasound,WO,Head,,Routine,,,"Head, Ultrasound, WO"
IMG01077,Ultrasound head (W),Head/Neuro,Ultrasound,Ultrasound,W,Head,,Routine,,,"Head, Ultrasound, W"
IMG01078,Ultrasound head (W/WO),Head/Neuro,Ultrasound,Ultrasound,W/WO,Head,,Routine,,,"Head, Ultrasound, W/WO"
IMG01079,Ultrasound head,Head/Neuro,Ultrasound,Ultrasound,N/A,Head,,Routine,,,"Head, Ultrasound, N/A"
IMG01080,X-ray brain (WO),Head/Neuro,X-ray,X-ray,WO,Brain,,Routine,,,"Brain, X-ray, WO"
IMG01081,X-ray brain (W),Head/Neuro,X-ray,X-ray,W,Brain,,Routine,,,"Brain, X-ray, W"
IMG01082,X-ray brain (W/WO),Head/Neuro,X-ray,X-ray,W/WO,Brain,,Routine,,,"Brain, X-ray, W/WO"
IMG01083,X-ray brain,Head/Neuro,X-ray,X-ray,N/A,Brain,,Routine,,,"Brain, X-ray, N/A"
IMG01084,CT brain (WO),Head/Neuro,CT,CT,WO,Brain,,Routine,,,"Brain, CT, WO"
IMG01085,CT brain (W),Head/Neuro,CT,CT,W,Brain,,Routine,,,"Brain, CT, W"
IMG01086,CT brain (W/WO),Head/Neuro,CT,CT,W/WO,Brain,,Routine,,,"Brain, CT, W/WO"
IMG01087,CT brain,Head/Neuro,CT,CT,N/A,Brain,,Routine,,,"Brain, CT, N/A"
IMG01088,MRI brain (WO),Head/Neuro,MRI,MRI,WO,Brain,,Routine,,,"Brain, MRI, WO"
IMG01089,MRI brain (W),Head/Neuro,MRI,MRI,W,Brain,,Routine,,,"Brain, MRI, W"
IMG01090,MRI brain (W/WO),Head/Neuro,MRI,MRI,W/WO,Brain,,Routine,,,"Brain, MRI, W/WO"
IMG01091,MRI brain,Head/Neuro,MRI,MRI,N/A,Brain,,Routine,,,"Brain, MRI, N/A"
IMG01092,Ultrasound brain (WO),Head/Neuro,Ultrasound,Ultrasound,WO,Brain,,Routine,,,"Brain, Ultrasound, WO"
IMG01093,Ultrasound brain (W),Head/Neuro,Ultrasound,Ultrasound,W,Brain,,Routine,,,"Brain, Ultrasound, W"
IMG01094,Ultrasound brain (W/WO),Head/Neuro,Ultrasound,Ultrasound,W/WO,Brain,,Routine,,,"Brain, Ultrasound, W/WO"
IMG01095,Ultrasound brain,Head/Neuro,Ultrasound,Ultrasound,N/A,Brain,,Routine,,,"Brain, Ultrasound, N/A"
IMG01096,X-ray sinuses (WO),Head/Neuro,X-ray,X-ray,WO,Sinuses,,Routine,,,"Sinuses, X-ray, WO"
IMG01097,X-ray sinuses (W),Head/Neuro,X-ray,X-ray,W,Sinuses,,Routine,,,"Sinuses, X-ray, W"
IMG01098,X-ray sinuses (W/WO),Head/Neuro,X-ray,X-ray,W/WO,Sinuses,,Routine,,,"Sinuses, X-ray, W/WO"
IMG01099,X-ray sinuses,Head/Neuro,X-ray,X-ray,N/A,Sinuses,,Routine,,,"Sinuses, X-ray, N/A"
IMG01100,CT sinuses (WO),Head/Neuro,CT,CT,WO,Sinuses,,Routine,,,"Sinuses, CT, WO"
IMG01101,CT sinuses (W),Head/Neuro,CT,CT,W,Sinuses,,Routine,,,"Sinuses, CT, W"
IMG01102,CT sinuses (W/WO),Head/Neuro,CT,CT,W/WO,Sinuses,,Routine,,,"Sinuses, CT, W/WO"
IMG01103,CT sinuses,Head/Neuro,CT,CT,N/A,Sinuses,,Routine,,,"Sinuses, CT, N/A"
IMG01104,MRI sinuses (WO),Head/Neuro,MRI,MRI,WO,Sinuses,,Routine,,,"Sinuses, MRI, WO"
IMG01105,MRI sinuses (W),Head/Neuro,MRI,MRI,W,Sinuses,,Routine,,,"Sinuses, MRI, W"
IMG01106,MRI sinuses (W/WO),Head/Neuro,MRI,MRI,W/WO,Sinuses,,Routine,,,"Sinuses, MRI, W/WO"
IMG01107,MRI sinuses,Head/Neuro,MRI,MRI,N/A,Sinuses,,Routine,,,"Sinuses, MRI, N/A"
IMG01108,Ultrasound sinuses (WO),Head/Neuro,Ultrasound,Ultrasound,WO,Sinuses,,Routine,,,"Sinuses, Ultrasound, WO"
IMG01109,Ultrasound sinuses (W),Head/Neuro,Ultrasound,Ultrasound,W,Sinuses,,Routine,,,"Sinuses, Ultrasound, W"
IMG01110,Ultrasound sinuses (W/WO),Head/Neuro,Ultrasound,Ultrasound,W/WO,Sinuses,,Routine,,,"Sinuses, Ultrasound, W/WO"
IMG01111,Ultrasound sinuses,Head/Neuro,Ultrasound,Ultrasound,N/A,Sinuses,,Routine,,,"Sinuses, Ultrasound, N/A"
IMG01112,X-ray orbits (WO),Head/Neuro,X-ray,X-ray,WO,Orbits,,Routine,,,"Orbits, X-ray, WO"
IMG01113,X-ray orbits (W),Head/Neuro,X-ray,X-ray,W,Orbits,,Routine,,,"Orbits, X-ray, W"
IMG01114,X-ray orbits (W/WO),Head/Neuro,X-ray,X-ray,W/WO,Orbits,,Routine,,,"Orbits, X-ray, W/WO"
IMG01115,X-ray orbits,Head/Neuro,X-ray,X-ray,N/A,Orbits,,Routine,,,"Orbits, X-ray, N/A"
IMG01116,CT orbits (WO),Head/Neuro,CT,CT,WO,Orbits,,Routine,,,"Orbits, CT, WO"
IMG01117,CT orbits (W),Head/Neuro,CT,CT,W,Orbits,,Routine,,,"Orbits, CT, W"
IMG01118,CT orbits (W/WO),Head/Neuro,CT,CT,W/WO,Orbits,,Routine,,,"Orbits, CT, W/WO"
IMG01119,CT orbits,Head/Neuro,CT,CT,N/A,Orbits,,Routine,,,"Orbits, CT, N/A"
IMG01120,MRI orbits (WO),Head/Neuro,MRI,MRI,WO,Orbits,,Routine,,,"Orbits, MRI, WO"
IMG01121,MRI orbits (W),Head/Neuro,MRI,MRI,W,Orbits,,Routine,,,"Orbits, MRI, W"
IMG01122,MRI orbits (W/WO),Head/Neuro,MRI,MRI,W/WO,Orbits,,Routine,,,"Orbits, MRI, W/WO"
IMG01123,MRI orbits,Head/Neuro,MRI,MRI,N/A,Orbits,,Routine,,,"Orbits, MRI, N/A"
IMG01124,Ultrasound orbits (WO),Head/Neuro,Ultrasound,Ultrasound,WO,Orbits,,Routine,,,"Orbits, Ultrasound, WO"
IMG01125,Ultrasound orbits (W),Head/Neuro,Ultrasound,Ultrasound,W,Orbits,,Routine,,,"Orbits, Ultrasound, W"
IMG01126,Ultrasound orbits (W/WO),Head/Neuro,Ultrasound,Ultrasound,W/WO,Orbits,,Routine,,,"Orbits, Ultrasound, W/WO"
IMG01127,Ultrasound orbits,Head/Neuro,Ultrasound,Ultrasound,N/A,Orbits,,Routine,,,"Orbits, Ultrasound, N/A"
IMG01128,X-ray cervical spine (WO),Spine,X-ray,X-ray,WO,Cervical spine,,Routine,,,"Cervical spine, X-ray, WO"
IMG01129,X-ray cervical spine (W),Spine,X-ray,X-ray,W,Cervical spine,,Routine,,,"Cervical spine, X-ray, W"
IMG01130,X-ray cervical spine (W/WO),Spine,X-ray,X-ray,W/WO,Cervical spine,,Routine,,,"Cervical spine, X-ray, W/WO"
IMG01131,X-ray cervical spine,Spine,X-ray,X-ray,N/A,Cervical spine,,Routine,,,"Cervical spine, X-ray, N/A"
IMG01132,CT cervical spine (WO),Spine,CT,CT,WO,Cervical spine,,Routine,,,"Cervical spine, CT, WO"
IMG01133,CT cervical spine (W),Spine,CT,CT,W,Cervical spine,,Routine,,,"Cervical spine, CT, W"
IMG01134,CT cervical spine (W/WO),Spine,CT,CT,W/WO,Cervical spine,,Routine,,,"Cervical spine, CT, W/WO"
IMG01135,CT cervical spine,Spine,CT,CT,N/A,Cervical spine,,Routine,,,"Cervical spine, CT, N/A"
IMG01136,MRI cervical spine (WO),Spine,MRI,MRI,WO,Cervical spine,,Routine,,,"Cervical spine, MRI, WO"
IMG01137,MRI cervical spine (W),Spine,MRI,MRI,W,Cervical spine,,Routine,,,"Cervical spine, MRI, W"
IMG01138,MRI cervical spine (W/WO),Spine,MRI,MRI,W/WO,Cervical spine,,Routine,,,"Cervical spine, MRI, W/WO"
IMG01139,MRI cervical spine,Spine,MRI,MRI,N/A,Cervical spine,,Routine,,,"Cervical spine, MRI, N/A"
IMG01140,Ultrasound cervical spine (WO),Spine,Ultrasound,Ultrasound,WO,Cervical spine,,Routine,,,"Cervical spine, Ultrasound, WO"
IMG01141,Ultrasound cervical spine (W),Spine,Ultrasound,Ultrasound,W,Cervical spine,,Routine,,,"Cervical spine, Ultrasound, W"
IMG01142,Ultrasound cervical spine (W/WO),Spine,Ultrasound,Ultrasound,W/WO,Cervical spine,,Routine,,,"Cervical spine, Ultrasound, W/WO"
IMG01143,Ultrasound cervical spine,Spine,Ultrasound,Ultrasound,N/A,Cervical spine,,Routine,,,"Cervical spine, Ultrasound, N/A"
IMG01144,X-ray thoracic spine (WO),Spine,X-ray,X-ray,WO,Thoracic spine,,Routine,,,"Thoracic spine, X-ray, WO"
IMG01145,X-ray thoracic spine (W),Spine,X-ray,X-ray,W,Thoracic spine,,Routine,,,"Thoracic spine, X-ray, W"
IMG01146,X-ray thoracic spine (W/WO),Spine,X-ray,X-ray,W/WO,Thoracic spine,,Routine,,,"Thoracic spine, X-ray, W/WO"
IMG01147,X-ray thoracic spine,Spine,X-ray,X-ray,N/A,Thoracic spine,,Routine,,,"Thoracic spine, X-ray, N/A"
IMG01148,CT thoracic spine (WO),Spine,CT,CT,WO,Thoracic spine,,Routine,,,"Thoracic spine, CT, WO"
IMG01149,CT thoracic spine (W),Spine,CT,CT,W,Thoracic spine,,Routine,,,"Thoracic spine, CT, W"
IMG01150,CT thoracic spine (W/WO),Spine,CT,CT,W/WO,Thoracic spine,,Routine,,,"Thoracic spine, CT, W/WO"
IMG01151,CT thoracic spine,Spine,CT,CT,N/A,Thoracic spine,,Routine,,,"Thoracic spine, CT, N/A"
IMG01152,MRI thoracic spine (WO),Spine,MRI,MRI,WO,Thoracic spine,,Routine,,,"Thoracic spine, MRI, WO"
IMG01153,MRI thoracic spine (W),Spine,MRI,MRI,W,Thoracic spine,,Routine,,,"Thoracic spine, MRI, W"
IMG01154,MRI thoracic spine (W/WO),Spine,MRI,MRI,W/WO,Thoracic spine,,Routine,,,"Thoracic spine, MRI, W/WO"
IMG01155,MRI thoracic spine,Spine,MRI,MRI,N/A,Thoracic spine,,Routine,,,"Thoracic spine, MRI, N/A"
IMG01156,Ultrasound thoracic spine (WO),Spine,Ultrasound,Ultrasound,WO,Thoracic spine,,Routine,,,"Thoracic spine, Ultrasound, WO"
IMG01157,Ultrasound thoracic spine (W),Spine,Ultrasound,Ultrasound,W,Thoracic spine,,Routine,,,"Thoracic spine, Ultrasound, W"
IMG01158,Ultrasound thoracic spine (W/WO),Spine,Ultrasound,Ultrasound,W/WO,Thoracic spine,,Routine,,,"Thoracic spine, Ultrasound, W/WO"
IMG01159,Ultrasound thoracic spine,Spine,Ultrasound,Ultrasound,N/A,Thoracic spine,,Routine,,,"Thoracic spine, Ultrasound, N/A"
IMG01160,X-ray lumbar spine (WO),Spine,X-ray,X-ray,WO,Lumbar spine,,Routine,,,"Lumbar spine, X-ray, WO"
IMG01161,X-ray lumbar spine (W),Spine,X-ray,X-ray,W,Lumbar spine,,Routine,,,"Lumbar spine, X-ray, W"
IMG01162,X-ray lumbar spine (W/WO),Spine,X-ray,X-ray,W/WO,Lumbar spine,,Routine,,,"Lumbar spine, X-ray, W/WO"
IMG01163,X-ray lumbar spine,Spine,X-ray,X-ray,N/A,Lumbar spine,,Routine,,,"Lumbar spine, X-ray, N/A"
IMG01164,CT lumbar spine (WO),Spine,CT,CT,WO,Lumbar spine,,Routine,,,"Lumbar spine, CT, WO"
IMG01165,CT lumbar spine (W),Spine,CT,CT,W,Lumbar spine,,Routine,,,"Lumbar spine, CT, W"
IMG01166,CT lumbar spine (W/WO),Spine,CT,CT,W/WO,Lumbar spine,,Routine,,,"Lumbar spine, CT, W/WO"
IMG01167,CT lumbar spine,Spine,CT,CT,N/A,Lumbar spine,,Routine,,,"Lumbar spine, CT, N/A"
IMG01168,MRI lumbar spine (WO),Spine,MRI,MRI,WO,Lumbar spine,,Routine,,,"Lumbar spine, MRI, WO"
IMG01169,MRI lumbar spine (W),Spine,MRI,MRI,W,Lumbar spine,,Routine,,,"Lumbar spine, MRI, W"
IMG01170,MRI lumbar spine (W/WO),Spine,MRI,MRI,W/WO,Lumbar spine,,Routine,,,"Lumbar spine, MRI, W/WO"
IMG01171,MRI lumbar spine,Spine,MRI,MRI,N/A,Lumbar spine,,Routine,,,"Lumbar spine, MRI, N/A"
IMG01172,Ultrasound lumbar spine (WO),Spine,Ultrasound,Ultrasound,WO,Lumbar spine,,Routine,,,"Lumbar spine, Ultrasound, WO"
IMG01173,Ultrasound lumbar spine (W),Spine,Ultrasound,Ultrasound,W,Lumbar spine,,Routine,,,"Lumbar spine, Ultrasound, W"
IMG01174,Ultrasound lumbar spine (W/WO),Spine,Ultrasound,Ultrasound,W/WO,Lumbar spine,,Routine,,,"Lumbar spine, Ultrasound, W/WO"
IMG01175,Ultrasound lumbar spine,Spine,Ultrasound,Ultrasound,N/A,Lumbar spine,,Routine,,,"Lumbar spine, Ultrasound, N/A"
IMG01176,X-ray sacrum (WO),Spine,X-ray,X-ray,WO,Sacrum,,Routine,,,"Sacrum, X-ray, WO"
IMG01177,X-ray sacrum (W),Spine,X-ray,X-ray,W,Sacrum,,Routine,,,"Sacrum, X-ray, W"
IMG01178,X-ray sacrum (W/WO),Spine,X-ray,X-ray,W/WO,Sacrum,,Routine,,,"Sacrum, X-ray, W/WO"
IMG01179,X-ray sacrum,Spine,X-ray,X-ray,N/A,Sacrum,,Routine,,,"Sacrum, X-ray, N/A"
IMG01180,CT sacrum (WO),Spine,CT,CT,WO,Sacrum,,Routine,,,"Sacrum, CT, WO"
IMG01181,CT sacrum (W),Spine,CT,CT,W,Sacrum,,Routine,,,"Sacrum, CT, W"
IMG01182,CT sacrum (W/WO),Spine,CT,CT,W/WO,Sacrum,,Routine,,,"Sacrum, CT, W/WO"
IMG01183,CT sacrum,Spine,CT,CT,N/A,Sacrum,,Routine,,,"Sacrum, CT, N/A"
IMG01184,MRI sacrum (WO),Spine,MRI,MRI,WO,Sacrum,,Routine,,,"Sacrum, MRI, WO"
IMG01185,MRI sacrum (W),Spine,MRI,MRI,W,Sacrum,,Routine,,,"Sacrum, MRI, W"
IMG01186,MRI sacrum (W/WO),Spine,MRI,MRI,W/WO,Sacrum,,Routine,,,"Sacrum, MRI, W/WO"
IMG01187,MRI sacrum,Spine,MRI,MRI,N/A,Sacrum,,Routine,,,"Sacrum, MRI, N/A"
IMG01188,Ultrasound sacrum (WO),Spine,Ultrasound,Ultrasound,WO,Sacrum,,Routine,,,"Sacrum, Ultrasound, WO"
IMG01189,Ultrasound sacrum (W),Spine,Ultrasound,Ultrasound,W,Sacrum,,Routine,,,"Sacrum, Ultrasound, W"
IMG01190,Ultrasound sacrum (W/WO),Spine,Ultrasound,Ultrasound,W/WO,Sacrum,,Routine,,,"Sacrum, Ultrasound, W/WO"
IMG01191,Ultrasound sacrum,Spine,Ultrasound,Ultrasound,N/A,Sacrum,,Routine,,,"Sacrum, Ultrasound, N/A"
IMG01192,X-ray shoulder (WO),Extremities/MSK,X-ray,X-ray,WO,Shoulder,,Routine,,,"Shoulder, X-ray, WO"
IMG01193,X-ray shoulder (W),Extremities/MSK,X-ray,X-ray,W,Shoulder,,Routine,,,"Shoulder, X-ray, W"
IMG01194,X-ray shoulder (W/WO),Extremities/MSK,X-ray,X-ray,W/WO,Shoulder,,Routine,,,"Shoulder, X-ray, W/WO"
IMG01195,X-ray shoulder,Extremities/MSK,X-ray,X-ray,N/A,Shoulder,,Routine,,,"Shoulder, X-ray, N/A"
IMG01196,CT shoulder (WO),Extremities/MSK,CT,CT,WO,Shoulder,,Routine,,,"Shoulder, CT, WO"
IMG01197,CT shoulder (W),Extremities/MSK,CT,CT,W,Shoulder,,Routine,,,"Shoulder, CT, W"
IMG01198,CT shoulder (W/WO),Extremities/MSK,CT,CT,W/WO,Shoulder,,Routine,,,"Shoulder, CT, W/WO"
IMG01199,CT shoulder,Extremities/MSK,CT,CT,N/A,Shoulder,,Routine,,,"Shoulder, CT, N/A"
IMG01200,MRI shoulder (WO),Extremities/MSK,MRI,MRI,WO,Shoulder,,Routine,,,"Shoulder, MRI, WO"
IMG01201,MRI shoulder (W),Extremities/MSK,MRI,MRI,W,Shoulder,,Routine,,,"Shoulder, MRI, W"
IMG01202,MRI shoulder (W/WO),Extremities/MSK,MRI,MRI,W/WO,Shoulder,,Routine,,,"Shoulder, MRI, W/WO"
IMG01203,MRI shoulder,Extremities/MSK,MRI,MRI,N/A,Shoulder,,Routine,,,"Shoulder, MRI, N/A"
IMG01204,Ultrasound shoulder (WO),Extremities/MSK,Ultrasound,Ultrasound,WO,Shoulder,,Routine,,,"Shoulder, Ultrasound, WO"
IMG01205,Ultrasound shoulder (W),Extremities/MSK,Ultrasound,Ultrasound,W,Shoulder,,Routine,,,"Shoulder, Ultrasound, W"
IMG01206,Ultrasound shoulder (W/WO),Extremities/MSK,Ultrasound,Ultrasound,W/WO,Shoulder,,Routine,,,"Shoulder, Ultrasound, W/WO"
IMG01207,Ultrasound shoulder,Extremities/MSK,Ultrasound,Ultrasound,N/A,Shoulder,,Routine,,,"Shoulder, Ultrasound, N/A"
IMG01208,X-ray elbow (WO),Extremities/MSK,X-ray,X-ray,WO,Elbow,,Routine,,,"Elbow, X-ray, WO"
IMG01209,X-ray elbow (W),Extremities/MSK,X-ray,X-ray,W,Elbow,,Routine,,,"Elbow, X-ray, W"
IMG01210,X-ray elbow (W/WO),Extremities/MSK,X-ray,X-ray,W/WO,Elbow,,Routine,,,"Elbow, X-ray, W/WO"
IMG01211,X-ray elbow,Extremities/MSK,X-ray,X-ray,N/A,Elbow,,Routine,,,"Elbow, X-ray, N/A"
IMG01212,CT elbow (WO),Extremities/MSK,CT,CT,WO,Elbow,,Routine,,,"Elbow, CT, WO"
IMG01213,CT elbow (W),Extremities/MSK,CT,CT,W,Elbow,,Routine,,,"Elbow, CT, W"
IMG01214,CT elbow (W/WO),Extremities/MSK,CT,CT,W/WO,Elbow,,Routine,,,"Elbow, CT, W/WO"
IMG01215,CT elbow,Extremities/MSK,CT,CT,N/A,Elbow,,Routine,,,"Elbow, CT, N/A"
IMG01216,MRI elbow (WO),Extremities/MSK,MRI,MRI,WO,Elbow,,Routine,,,"Elbow, MRI, WO"
IMG01217,MRI elbow (W),Extremities/MSK,MRI,MRI,W,Elbow,,Routine,,,"Elbow, MRI, W"
IMG01218,MRI elbow (W/WO),Extremities/MSK,MRI,MRI,W/WO,Elbow,,Routine,,,"Elbow, MRI, W/WO"
IMG01219,MRI elbow,Extremities/MSK,MRI,MRI,N/A,Elbow,,Routine,,,"Elbow, MRI, N/A"
IMG01220,Ultrasound elbow (WO),Extremities/MSK,Ultrasound,Ultrasound,WO,Elbow,,Routine,,,"Elbow, Ultrasound, WO"
IMG01221,Ultrasound elbow (W),Extremities/MSK,Ultrasound,Ultrasound,W,Elbow,,Routine,,,"Elbow, Ultrasound, W"
IMG01222,Ultrasound elbow (W/WO),Extremities/MSK,Ultrasound,Ultrasound,W/WO,Elbow,,Routine,,,"Elbow, Ultrasound, W/WO"
IMG01223,Ultrasound elbow,Extremities/MSK,Ultrasound,Ultrasound,N/A,Elbow,,Routine,,,"Elbow, Ultrasound, N/A"
IMG01224,X-ray wrist (WO),Extremities/MSK,X-ray,X-ray,WO,Wrist,,Routine,,,"Wrist, X-ray, WO"
IMG01225,X-ray wrist (W),Extremities/MSK,X-ray,X-ray,W,Wrist,,Routine,,,"Wrist, X-ray, W"
IMG01226,X-ray wrist (W/WO),Extremities/MSK,X-ray,X-ray,W/WO,Wrist,,Routine,,,"Wrist, X-ray, W/WO"
IMG01227,X-ray wrist,Extremities/MSK,X-ray,X-ray,N/A,Wrist,,Routine,,,"Wrist, X-ray, N/A"
IMG01228,CT wrist (WO),Extremities/MSK,CT,CT,WO,Wrist,,Routine,,,"Wrist, CT, WO"
IMG01229,CT wrist (W),Extremities/MSK,CT,CT,W,Wrist,,Routine,,,"Wrist, CT, W"
IMG01230,CT wrist (W/WO),Extremities/MSK,CT,CT,W/WO,Wrist,,Routine,,,"Wrist, CT, W/WO"
IMG01231,CT wrist,Extremities/MSK,CT,CT,N/A,Wrist,,Routine,,,"Wrist, CT, N/A"
IMG01232,MRI wrist (WO),Extremities/MSK,MRI,MRI,WO,Wrist,,Routine,,,"Wrist, MRI, WO"
IMG01233,MRI wrist (W),Extremities/MSK,MRI,MRI,W,Wrist,,Routine,,,"Wrist, MRI, W"
IMG01234,MRI wrist (W/WO),Extremities/MSK,MRI,MRI,W/WO,Wrist,,Routine,,,"Wrist, MRI, W/WO"
IMG01235,MRI wrist,Extremities/MSK,MRI,MRI,N/A,Wrist,,Routine,,,"Wrist, MRI, N/A"
IMG01236,Ultrasound wrist (WO),Extremities/MSK,Ultrasound,Ultrasound,WO,Wrist,,Routine,,,"Wrist, Ultrasound, WO"
IMG01237,Ultrasound wrist (W),Extremities/MSK,Ultrasound,Ultrasound,W,Wrist,,Routine,,,"Wrist, Ultrasound, W"
IMG01238,Ultrasound wrist (W/WO),Extremities/MSK,Ultrasound,Ultrasound,W/WO,Wrist,,Routine,,,"Wrist, Ultrasound, W/WO"
IMG01239,Ultrasound wrist,Extremities/MSK,Ultrasound,Ultrasound,N/A,Wrist,,Routine,,,"Wrist, Ultrasound, N/A"
IMG01240,X-ray hand (WO),Extremities/MSK,X-ray,X-ray,WO,Hand,,Routine,,,"Hand, X-ray, WO"
IMG01241,X-ray hand (W),Extremities/MSK,X-ray,X-ray,W,Hand,,Routine,,,"Hand, X-ray, W"
IMG01242,X-ray hand (W/WO),Extremities/MSK,X-ray,X-ray,W/WO,Hand,,Routine,,,"Hand, X-ray, W/WO"
IMG01243,X-ray hand,Extremities/MSK,X-ray,X-ray,N/A,Hand,,Routine,,,"Hand, X-ray, N/A"
IMG01244,CT hand (WO),Extremities/MSK,CT,CT,WO,Hand,,Routine,,,"Hand, CT, WO"
IMG01245,CT hand (W),Extremities/MSK,CT,CT,W,Hand,,Routine,,,"Hand, CT, W"
IMG01246,CT hand (W/WO),Extremities/MSK,CT,CT,W/WO,Hand,,Routine,,,"Hand, CT, W/WO"
IMG01247,CT hand,Extremities/MSK,CT,CT,N/A,Hand,,Routine,,,"Hand, CT, N/A"
IMG01248,MRI hand (WO),Extremities/MSK,MRI,MRI,WO,Hand,,Routine,,,"Hand, MRI, WO"
IMG01249,MRI hand (W),Extremities/MSK,MRI,MRI,W,Hand,,Routine,,,"Hand, MRI, W"
IMG01250,MRI hand (W/WO),Extremities/MSK,MRI,MRI,W/WO,Hand,,Routine,,,"Hand, MRI, W/WO"
IMG01251,MRI hand,Extremities/MSK,MRI,MRI,N/A,Hand,,Routine,,,"Hand, MRI, N/A"
IMG01252,Ultrasound hand (WO),Extremities/MSK,Ultrasound,Ultrasound,WO,Hand,,Routine,,,"Hand, Ultrasound, WO"
IMG01253,Ultrasound hand (W),Extremities/MSK,Ultrasound,Ultrasound,W,Hand,,Routine,,,"Hand, Ultrasound, W"
IMG01254,Ultrasound hand (W/WO),Extremities/MSK,Ultrasound,Ultrasound,W/WO,Hand,,Routine,,,"Hand, Ultrasound, W/WO"
IMG01255,Ultrasound hand,Extremities/MSK,Ultrasound,Ultrasound,N/A,Hand,,Routine,,,"Hand, Ultrasound, N/A"
IMG01256,X-ray hip (WO),Extremities/MSK,X-ray,X-ray,WO,Hip,,Routine,,,"Hip, X-ray, WO"
IMG01257,X-ray hip (W),Extremities/MSK,X-ray,X-ray,W,Hip,,Routine,,,"Hip, X-ray, W"
IMG01258,X-ray hip (W/WO),Extremities/MSK,X-ray,X-ray,W/WO,Hip,,Routine,,,"Hip, X-ray, W/WO"
IMG01259,X-ray hip,Extremities/MSK,X-ray,X-ray,N/A,Hip,,Routine,,,"Hip, X-ray, N/A"
IMG01260,CT hip (WO),Extremities/MSK,CT,CT,WO,Hip,,Routine,,,"Hip, CT, WO"
IMG01261,CT hip (W),Extremities/MSK,CT,CT,W,Hip,,Routine,,,"Hip, CT, W"
IMG01262,CT hip (W/WO),Extremities/MSK,CT,CT,W/WO,Hip,,Routine,,,"Hip, CT, W/WO"
IMG01263,CT hip,Extremities/MSK,CT,CT,N/A,Hip,,Routine,,,"Hip, CT, N/A"
IMG01264,MRI hip (WO),Extremities/MSK,MRI,MRI,WO,Hip,,Routine,,,"Hip, MRI, WO"
IMG01265,MRI hip (W),Extremities/MSK,MRI,MRI,W,Hip,,Routine,,,"Hip, MRI, W"
IMG01266,MRI hip (W/WO),Extremities/MSK,MRI,MRI,W/WO,Hip,,Routine,,,"Hip, MRI, W/WO"
IMG01267,MRI hip,Extremities/MSK,MRI,MRI,N/A,Hip,,Routine,,,"Hip, MRI, N/A"
IMG01268,Ultrasound hip (WO),Extremities/MSK,Ultrasound,Ultrasound,WO,Hip,,Routine,,,"Hip, Ultrasound, WO"
IMG01269,Ultrasound hip (W),Extremities/MSK,Ultrasound,Ultrasound,W,Hip,,Routine,,,"Hip, Ultrasound, W"
IMG01270,Ultrasound hip (W/WO),Extremities/MSK,Ultrasound,Ultrasound,W/WO,Hip,,Routine,,,"Hip, Ultrasound, W/WO"
IMG01271,Ultrasound hip,Extremities/MSK,Ultrasound,Ultrasound,N/A,Hip,,Routine,,,"Hip, Ultrasound, N/A"
IMG01272,X-ray knee (WO),Extremities/MSK,X-ray,X-ray,WO,Knee,,Routine,,,"Knee, X-ray, WO"
IMG01273,X-ray knee (W),Extremities/MSK,X-ray,X-ray,W,Knee,,Routine,,,"Knee, X-ray, W"
IMG01274,X-ray knee (W/WO),Extremities/MSK,X-ray,X-ray,W/WO,Knee,,Routine,,,"Knee, X-ray, W/WO"
IMG01275,X-ray knee,Extremities/MSK,X-ray,X-ray,N/A,Knee,,Routine,,,"Knee, X-ray, N/A"
IMG01276,CT knee (WO),Extremities/MSK,CT,CT,WO,Knee,,Routine,,,"Knee, CT, WO"
IMG01277,CT knee (W),Extremities/MSK,CT,CT,W,Knee,,Routine,,,"Knee, CT, W"
IMG01278,CT knee (W/WO),Extremities/MSK,CT,CT,W/WO,Knee,,Routine,,,"Knee, CT, W/WO"
IMG01279,CT knee,Extremities/MSK,CT,CT,N/A,Knee,,Routine,,,"Knee, CT, N/A"
IMG01280,MRI knee (WO),Extremities/MSK,MRI,MRI,WO,Knee,,Routine,,,"Knee, MRI, WO"
IMG01281,MRI knee (W),Extremities/MSK,MRI,MRI,W,Knee,,Routine,,,"Knee, MRI, W"
IMG01282,MRI knee (W/WO),Extremities/MSK,MRI,MRI,W/WO,Knee,,Routine,,,"Knee, MRI, W/WO"
IMG01283,MRI knee,Extremities/MSK,MRI,MRI,N/A,Knee,,Routine,,,"Knee, MRI, N/A"
IMG01284,Ultrasound knee (WO),Extremities/MSK,Ultrasound,Ultrasound,WO,Knee,,Routine,,,"Knee, Ultrasound, WO"
IMG01285,Ultrasound knee (W),Extremities/MSK,Ultrasound,Ultrasound,W,Knee,,Routine,,,"Knee, Ultrasound, W"
IMG01286,Ultrasound knee (W/WO),Extremities/MSK,Ultrasound,Ultrasound,W/WO,Knee,,Routine,,,"Knee, Ultrasound, W/WO"
IMG01287,Ultrasound knee,Extremities/MSK,Ultrasound,Ultrasound,N/A,Knee,,Routine,,,"Knee, Ultrasound, N/A"
IMG01288,X-ray ankle (WO),Extremities/MSK,X-ray,X-ray,WO,Ankle,,Routine,,,"Ankle, X-ray, WO"
IMG01289,X-ray ankle (W),Extremities/MSK,X-ray,X-ray,W,Ankle,,Routine,,,"Ankle, X-ray, W"
IMG01290,X-ray ankle (W/WO),Extremities/MSK,X-ray,X-ray,W/WO,Ankle,,Routine,,,"Ankle, X-ray, W/WO"
IMG01291,X-ray ankle,Extremities/MSK,X-ray,X-ray,N/A,Ankle,,Routine,,,"Ankle, X-ray, N/A"
IMG01292,CT ankle (WO),Extremities/MSK,CT,CT,WO,Ankle,,Routine,,,"Ankle, CT, WO"
IMG01293,CT ankle (W),Extremities/MSK,CT,CT,W,Ankle,,Routine,,,"Ankle, CT, W"
IMG01294,CT ankle (W/WO),Extremities/MSK,CT,CT,W/WO,Ankle,,Routine,,,"Ankle, CT, W/WO"
IMG01295,CT ankle,Extremities/MSK,CT,CT,N/A,Ankle,,Routine,,,"Ankle, CT, N/A"
IMG01296,MRI ankle (WO),Extremities/MSK,MRI,MRI,WO,Ankle,,Routine,,,"Ankle, MRI, WO"
IMG01297,MRI ankle (W),Extremities/MSK,MRI,MRI,W,Ankle,,Routine,,,"Ankle, MRI, W"
IMG01298,MRI ankle (W/WO),Extremities/MSK,MRI,MRI,W/WO,Ankle,,Routine,,,"Ankle, MRI, W/WO"
IMG01299,MRI ankle,Extremities/MSK,MRI,MRI,N/A,Ankle,,Routine,,,"Ankle, MRI, N/A"
IMG01300,Ultrasound ankle (WO),Extremities/MSK,Ultrasound,Ultrasound,WO,Ankle,,Routine,,,"Ankle, Ultrasound, WO"
IMG01301,Ultrasound ankle (W),Extremities/MSK,Ultrasound,Ultrasound,W,Ankle,,Routine,,,"Ankle, Ultrasound, W"
IMG01302,Ultrasound ankle (W/WO),Extremities/MSK,Ultrasound,Ultrasound,W/WO,Ankle,,Routine,,,"Ankle, Ultrasound, W/WO"
IMG01303,Ultrasound ankle,Extremities/MSK,Ultrasound,Ultrasound,N/A,Ankle,,Routine,,,"Ankle, Ultrasound, N/A"
IMG01304,X-ray foot (WO),Extremities/MSK,X-ray,X-ray,WO,Foot,,Routine,,,"Foot, X-ray, WO"
IMG01305,X-ray foot (W),Extremities/MSK,X-ray,X-ray,W,Foot,,Routine,,,"Foot, X-ray, W"
IMG01306,X-ray foot (W/WO),Extremities/MSK,X-ray,X-ray,W/WO,Foot,,Routine,,,"Foot, X-ray, W/WO"
IMG01307,X-ray foot,Extremities/MSK,X-ray,X-ray,N/A,Foot,,Routine,,,"Foot, X-ray, N/A"
IMG01308,CT foot (WO),Extremities/MSK,CT,CT,WO,Foot,,Routine,,,"Foot, CT, WO"
IMG01309,CT foot (W),Extremities/MSK,CT,CT,W,Foot,,Routine,,,"Foot, CT, W"
IMG01310,CT foot (W/WO),Extremities/MSK,CT,CT,W/WO,Foot,,Routine,,,"Foot, CT, W/WO"
IMG01311,CT foot,Extremities/MSK,CT,CT,N/A,Foot,,Routine,,,"Foot, CT, N/A"
IMG01312,MRI foot (WO),Extremities/MSK,MRI,MRI,WO,Foot,,Routine,,,"Foot, MRI, WO"
IMG01313,MRI foot (W),Extremities/MSK,MRI,MRI,W,Foot,,Routine,,,"Foot, MRI, W"
IMG01314,MRI foot (W/WO),Extremities/MSK,MRI,MRI,W/WO,Foot,,Routine,,,"Foot, MRI, W/WO"
IMG01315,MRI foot,Extremities/MSK,MRI,MRI,N/A,Foot,,Routine,,,"Foot, MRI, N/A"
IMG01316,Ultrasound foot (WO),Extremities/MSK,Ultrasound,Ultrasound,WO,Foot,,Routine,,,"Foot, Ultrasound, WO"
IMG01317,Ultrasound foot (W),Extremities/MSK,Ultrasound,Ultrasound,W,Foot,,Routine,,,"Foot, Ultrasound, W"
IMG01318,Ultrasound foot (W/WO),Extremities/MSK,Ultrasound,Ultrasound,W/WO,Foot,,Routine,,,"Foot, Ultrasound, W/WO"
IMG01319,Ultrasound foot,Extremities/MSK,Ultrasound,Ultrasound,N/A,Foot,,Routine,,,"Foot, Ultrasound, N/A"
IMG01320,X-ray shoulder (N/A) Left,Extremities/MSK,X-ray,X-ray,N/A,Shoulder,Left,Routine,,,"Shoulder, X-ray, N/A, Left"
IMG01321,X-ray shoulder (N/A) Right,Extremities/MSK,X-ray,X-ray,N/A,Shoulder,Right,Routine,,,"Shoulder, X-ray, N/A, Right"
IMG01322,X-ray shoulder (N/A) Bilateral,Extremities/MSK,X-ray,X-ray,N/A,Shoulder,Bilateral,Routine,,,"Shoulder, X-ray, N/A, Bilateral"
IMG01323,X-ray shoulder (WO) Left,Extremities/MSK,X-ray,X-ray,WO,Shoulder,Left,Routine,,,"Shoulder, X-ray, WO, Left"
IMG01324,X-ray shoulder (WO) Right,Extremities/MSK,X-ray,X-ray,WO,Shoulder,Right,Routine,,,"Shoulder, X-ray, WO, Right"
IMG01325,X-ray shoulder (WO) Bilateral,Extremities/MSK,X-ray,X-ray,WO,Shoulder,Bilateral,Routine,,,"Shoulder, X-ray, WO, Bilateral"
IMG01326,X-ray shoulder (W) Left,Extremities/MSK,X-ray,X-ray,W,Shoulder,Left,Routine,,,"Shoulder, X-ray, W, Left"
IMG01327,X-ray shoulder (W) Right,Extremities/MSK,X-ray,X-ray,W,Shoulder,Right,Routine,,,"Shoulder, X-ray, W, Right"
IMG01328,X-ray shoulder (W) Bilateral,Extremities/MSK,X-ray,X-ray,W,Shoulder,Bilateral,Routine,,,"Shoulder, X-ray, W, Bilateral"
IMG01329,MRI shoulder (N/A) Left,Extremities/MSK,MRI,MRI,N/A,Shoulder,Left,Routine,,,"Shoulder, MRI, N/A, Left"
IMG01330,MRI shoulder (N/A) Right,Extremities/MSK,MRI,MRI,N/A,Shoulder,Right,Routine,,,"Shoulder, MRI, N/A, Right"
IMG01331,MRI shoulder (N/A) Bilateral,Extremities/MSK,MRI,MRI,N/A,Shoulder,Bilateral,Routine,,,"Shoulder, MRI, N/A, Bilateral"
IMG01332,MRI shoulder (WO) Left,Extremities/MSK,MRI,MRI,WO,Shoulder,Left,Routine,,,"Shoulder, MRI, WO, Left"
IMG01333,MRI shoulder (WO) Right,Extremities/MSK,MRI,MRI,WO,Shoulder,Right,Routine,,,"Shoulder, MRI, WO, Right"
IMG01334,MRI shoulder (WO) Bilateral,Extremities/MSK,MRI,MRI,WO,Shoulder,Bilateral,Routine,,,"Shoulder, MRI, WO, Bilateral"
IMG01335,MRI shoulder (W) Left,Extremities/MSK,MRI,MRI,W,Shoulder,Left,Routine,,,"Shoulder, MRI, W, Left"
IMG01336,MRI shoulder (W) Right,Extremities/MSK,MRI,MRI,W,Shoulder,Right,Routine,,,"Shoulder, MRI, W, Right"
IMG01337,MRI shoulder (W) Bilateral,Extremities/MSK,MRI,MRI,W,Shoulder,Bilateral,Routine,,,"Shoulder, MRI, W, Bilateral"
IMG01338,Ultrasound shoulder (N/A) Left,Extremities/MSK,Ultrasound,Ultrasound,N/A,Shoulder,Left,Routine,,,"Shoulder, Ultrasound, N/A, Left"
IMG01339,Ultrasound shoulder (N/A) Right,Extremities/MSK,Ultrasound,Ultrasound,N/A,Shoulder,Right,Routine,,,"Shoulder, Ultrasound, N/A, Right"
IMG01340,Ultrasound shoulder (N/A) Bilateral,Extremities/MSK,Ultrasound,Ultrasound,N/A,Shoulder,Bilateral,Routine,,,"Shoulder, Ultrasound, N/A, Bilateral"
IMG01341,Ultrasound shoulder (WO) Left,Extremities/MSK,Ultrasound,Ultrasound,WO,Shoulder,Left,Routine,,,"Shoulder, Ultrasound, WO, Left"
IMG01342,Ultrasound shoulder (WO) Right,Extremities/MSK,Ultrasound,Ultrasound,WO,Shoulder,Right,Routine,,,"Shoulder, Ultrasound, WO, Right"
IMG01343,Ultrasound shoulder (WO) Bilateral,Extremities/MSK,Ultrasound,Ultrasound,WO,Shoulder,Bilateral,Routine,,,"Shoulder, Ultrasound, WO, Bilateral"
IMG01344,Ultrasound shoulder (W) Left,Extremities/MSK,Ultrasound,Ultrasound,W,Shoulder,Left,Routine,,,"Shoulder, Ultrasound, W, Left"
IMG01345,Ultrasound shoulder (W) Right,Extremities/MSK,Ultrasound,Ultrasound,W,Shoulder,Right,Routine,,,"Shoulder, Ultrasound, W, Right"
IMG01346,Ultrasound shoulder (W) Bilateral,Extremities/MSK,Ultrasound,Ultrasound,W,Shoulder,Bilateral,Routine,,,"Shoulder, Ultrasound, W, Bilateral"
IMG01347,X-ray elbow (N/A) Left,Extremities/MSK,X-ray,X-ray,N/A,Elbow,Left,Routine,,,"Elbow, X-ray, N/A, Left"
IMG01348,X-ray elbow (N/A) Right,Extremities/MSK,X-ray,X-ray,N/A,Elbow,Right,Routine,,,"Elbow, X-ray, N/A, Right"
IMG01349,X-ray elbow (N/A) Bilateral,Extremities/MSK,X-ray,X-ray,N/A,Elbow,Bilateral,Routine,,,"Elbow, X-ray, N/A, Bilateral"
IMG01350,X-ray elbow (WO) Left,Extremities/MSK,X-ray,X-ray,WO,Elbow,Left,Routine,,,"Elbow, X-ray, WO, Left"
IMG01351,X-ray elbow (WO) Right,Extremities/MSK,X-ray,X-ray,WO,Elbow,Right,Routine,,,"Elbow, X-ray, WO, Right"
IMG01352,X-ray elbow (WO) Bilateral,Extremities/MSK,X-ray,X-ray,WO,Elbow,Bilateral,Routine,,,"Elbow, X-ray, WO, Bilateral"
IMG01353,X-ray elbow (W) Left,Extremities/MSK,X-ray,X-ray,W,Elbow,Left,Routine,,,"Elbow, X-ray, W, Left"
IMG01354,X-ray elbow (W) Right,Extremities/MSK,X-ray,X-ray,W,Elbow,Right,Routine,,,"Elbow, X-ray, W, Right"
IMG01355,X-ray elbow (W) Bilateral,Extremities/MSK,X-ray,X-ray,W,Elbow,Bilateral,Routine,,,"Elbow, X-ray, W, Bilateral"
IMG01356,MRI elbow (N/A) Left,Extremities/MSK,MRI,MRI,N/A,Elbow,Left,Routine,,,"Elbow, MRI, N/A, Left"
IMG01357,MRI elbow (N/A) Right,Extremities/MSK,MRI,MRI,N/A,Elbow,Right,Routine,,,"Elbow, MRI, N/A, Right"
IMG01358,MRI elbow (N/A) Bilateral,Extremities/MSK,MRI,MRI,N/A,Elbow,Bilateral,Routine,,,"Elbow, MRI, N/A, Bilateral"
IMG01359,MRI elbow (WO) Left,Extremities/MSK,MRI,MRI,WO,Elbow,Left,Routine,,,"Elbow, MRI, WO, Left"
IMG01360,MRI elbow (WO) Right,Extremities/MSK,MRI,MRI,WO,Elbow,Right,Routine,,,"Elbow, MRI, WO, Right"
IMG01361,MRI elbow (WO) Bilateral,Extremities/MSK,MRI,MRI,WO,Elbow,Bilateral,Routine,,,"Elbow, MRI, WO, Bilateral"
IMG01362,MRI elbow (W) Left,Extremities/MSK,MRI,MRI,W,Elbow,Left,Routine,,,"Elbow, MRI, W, Left"
IMG01363,MRI elbow (W) Right,Extremities/MSK,MRI,MRI,W,Elbow,Right,Routine,,,"Elbow, MRI, W, Right"
IMG01364,MRI elbow (W) Bilateral,Extremities/MSK,MRI,MRI,W,Elbow,Bilateral,Routine,,,"Elbow, MRI, W, Bilateral"
IMG01365,Ultrasound elbow (N/A) Left,Extremities/MSK,Ultrasound,Ultrasound,N/A,Elbow,Left,Routine,,,"Elbow, Ultrasound, N/A, Left"
IMG01366,Ultrasound elbow (N/A) Right,Extremities/MSK,Ultrasound,Ultrasound,N/A,Elbow,Right,Routine,,,"Elbow, Ultrasound, N/A, Right"
IMG01367,Ultrasound elbow (N/A) Bilateral,Extremities/MSK,Ultrasound,Ultrasound,N/A,Elbow,Bilateral,Routine,,,"Elbow, Ultrasound, N/A, Bilateral"
IMG01368,Ultrasound elbow (WO) Left,Extremities/MSK,Ultrasound,Ultrasound,WO,Elbow,Left,Routine,,,"Elbow, Ultrasound, WO, Left"
IMG01369,Ultrasound elbow (WO) Right,Extremities/MSK,Ultrasound,Ultrasound,WO,Elbow,Right,Routine,,,"Elbow, Ultrasound, WO, Right"
IMG01370,Ultrasound elbow (WO) Bilateral,Extremities/MSK,Ultrasound,Ultrasound,WO,Elbow,Bilateral,Routine,,,"Elbow, Ultrasound, WO, Bilateral"
IMG01371,Ultrasound elbow (W) Left,Extremities/MSK,Ultrasound,Ultrasound,W,Elbow,Left,Routine,,,"Elbow, Ultrasound, W, Left"
IMG01372,Ultrasound elbow (W) Right,Extremities/MSK,Ultrasound,Ultrasound,W,Elbow,Right,Routine,,,"Elbow, Ultrasound, W, Right"
IMG01373,Ultrasound elbow (W) Bilateral,Extremities/MSK,Ultrasound,Ultrasound,W,Elbow,Bilateral,Routine,,,"Elbow, Ultrasound, W, Bilateral"
IMG01374,X-ray wrist (N/A) Left,Extremities/MSK,X-ray,X-ray,N/A,Wrist,Left,Routine,,,"Wrist, X-ray, N/A, Left"
IMG01375,X-ray wrist (N/A) Right,Extremities/MSK,X-ray,X-ray,N/A,Wrist,Right,Routine,,,"Wrist, X-ray, N/A, Right"
IMG01376,X-ray wrist (N/A) Bilateral,Extremities/MSK,X-ray,X-ray,N/A,Wrist,Bilateral,Routine,,,"Wrist, X-ray, N/A, Bilateral"
IMG01377,X-ray wrist (WO) Left,Extremities/MSK,X-ray,X-ray,WO,Wrist,Left,Routine,,,"Wrist, X-ray, WO, Left"
IMG01378,X-ray wrist (WO) Right,Extremities/MSK,X-ray,X-ray,WO,Wrist,Right,Routine,,,"Wrist, X-ray, WO, Right"
IMG01379,X-ray wrist (WO) Bilateral,Extremities/MSK,X-ray,X-ray,WO,Wrist,Bilateral,Routine,,,"Wrist, X-ray, WO, Bilateral"
IMG01380,X-ray wrist (W) Left,Extremities/MSK,X-ray,X-ray,W,Wrist,Left,Routine,,,"Wrist, X-ray, W, Left"
IMG01381,X-ray wrist (W) Right,Extremities/MSK,X-ray,X-ray,W,Wrist,Right,Routine,,,"Wrist, X-ray, W, Right"
IMG01382,X-ray wrist (W) Bilateral,Extremities/MSK,X-ray,X-ray,W,Wrist,Bilateral,Routine,,,"Wrist, X-ray, W, Bilateral"
IMG01383,MRI wrist (N/A) Left,Extremities/MSK,MRI,MRI,N/A,Wrist,Left,Routine,,,"Wrist, MRI, N/A, Left"
IMG01384,MRI wrist (N/A) Right,Extremities/MSK,MRI,MRI,N/A,Wrist,Right,Routine,,,"Wrist, MRI, N/A, Right"
IMG01385,MRI wrist (N/A) Bilateral,Extremities/MSK,MRI,MRI,N/A,Wrist,Bilateral,Routine,,,"Wrist, MRI, N/A, Bilateral"
IMG01386,MRI wrist (WO) Left,Extremities/MSK,MRI,MRI,WO,Wrist,Left,Routine,,,"Wrist, MRI, WO, Left"
IMG01387,MRI wrist (WO) Right,Extremities/MSK,MRI,MRI,WO,Wrist,Right,Routine,,,"Wrist, MRI, WO, Right"
IMG01388,MRI wrist (WO) Bilateral,Extremities/MSK,MRI,MRI,WO,Wrist,Bilateral,Routine,,,"Wrist, MRI, WO, Bilateral"
IMG01389,MRI wrist (W) Left,Extremities/MSK,MRI,MRI,W,Wrist,Left,Routine,,,"Wrist, MRI, W, Left"
IMG01390,MRI wrist (W) Right,Extremities/MSK,MRI,MRI,W,Wrist,Right,Routine,,,"Wrist, MRI, W, Right"
IMG01391,MRI wrist (W) Bilateral,Extremities/MSK,MRI,MRI,W,Wrist,Bilateral,Routine,,,"Wrist, MRI, W, Bilateral"
IMG01392,Ultrasound wrist (N/A) Left,Extremities/MSK,Ultrasound,Ultrasound,N/A,Wrist,Left,Routine,,,"Wrist, Ultrasound, N/A, Left"
IMG01393,Ultrasound wrist (N/A) Right,Extremities/MSK,Ultrasound,Ultrasound,N/A,Wrist,Right,Routine,,,"Wrist, Ultrasound, N/A, Right"
IMG01394,Ultrasound wrist (N/A) Bilateral,Extremities/MSK,Ultrasound,Ultrasound,N/A,Wrist,Bilateral,Routine,,,"Wrist, Ultrasound, N/A, Bilateral"
IMG01395,Ultrasound wrist (WO) Left,Extremities/MSK,Ultrasound,Ultrasound,WO,Wrist,Left,Routine,,,"Wrist, Ultrasound, WO, Left"
IMG01396,Ultrasound wrist (WO) Right,Extremities/MSK,Ultrasound,Ultrasound,WO,Wrist,Right,Routine,,,"Wrist, Ultrasound, WO, Right"
IMG01397,Ultrasound wrist (WO) Bilateral,Extremities/MSK,Ultrasound,Ultrasound,WO,Wrist,Bilateral,Routine,,,"Wrist, Ultrasound, WO, Bilateral"
IMG01398,Ultrasound wrist (W) Left,Extremities/MSK,Ultrasound,Ultrasound,W,Wrist,Left,Routine,,,"Wrist, Ultrasound, W, Left"
IMG01399,Ultrasound wrist (W) Right,Extremities/MSK,Ultrasound,Ultrasound,W,Wrist,Right,Routine,,,"Wrist, Ultrasound, W, Right"
IMG01400,Ultrasound wrist (W) Bilateral,Extremities/MSK,Ultrasound,Ultrasound,W,Wrist,Bilateral,Routine,,,"Wrist, Ultrasound, W, Bilateral"
IMG01401,X-ray hand (N/A) Left,Extremities/MSK,X-ray,X-ray,N/A,Hand,Left,Routine,,,"Hand, X-ray, N/A, Left"
IMG01402,X-ray hand (N/A) Right,Extremities/MSK,X-ray,X-ray,N/A,Hand,Right,Routine,,,"Hand, X-ray, N/A, Right"
IMG01403,X-ray hand (N/A) Bilateral,Extremities/MSK,X-ray,X-ray,N/A,Hand,Bilateral,Routine,,,"Hand, X-ray, N/A, Bilateral"
IMG01404,X-ray hand (WO) Left,Extremities/MSK,X-ray,X-ray,WO,Hand,Left,Routine,,,"Hand, X-ray, WO, Left"
IMG01405,X-ray hand (WO) Right,Extremities/MSK,X-ray,X-ray,WO,Hand,Right,Routine,,,"Hand, X-ray, WO, Right"
IMG01406,X-ray hand (WO) Bilateral,Extremities/MSK,X-ray,X-ray,WO,Hand,Bilateral,Routine,,,"Hand, X-ray, WO, Bilateral"
IMG01407,X-ray hand (W) Left,Extremities/MSK,X-ray,X-ray,W,Hand,Left,Routine,,,"Hand, X-ray, W, Left"
IMG01408,X-ray hand (W) Right,Extremities/MSK,X-ray,X-ray,W,Hand,Right,Routine,,,"Hand, X-ray, W, Right"
IMG01409,X-ray hand (W) Bilateral,Extremities/MSK,X-ray,X-ray,W,Hand,Bilateral,Routine,,,"Hand, X-ray, W, Bilateral"
IMG01410,MRI hand (N/A) Left,Extremities/MSK,MRI,MRI,N/A,Hand,Left,Routine,,,"Hand, MRI, N/A, Left"
IMG01411,MRI hand (N/A) Right,Extremities/MSK,MRI,MRI,N/A,Hand,Right,Routine,,,"Hand, MRI, N/A, Right"
IMG01412,MRI hand (N/A) Bilateral,Extremities/MSK,MRI,MRI,N/A,Hand,Bilateral,Routine,,,"Hand, MRI, N/A, Bilateral"
IMG01413,MRI hand (WO) Left,Extremities/MSK,MRI,MRI,WO,Hand,Left,Routine,,,"Hand, MRI, WO, Left"
IMG01414,MRI hand (WO) Right,Extremities/MSK,MRI,MRI,WO,Hand,Right,Routine,,,"Hand, MRI, WO, Right"
IMG01415,MRI hand (WO) Bilateral,Extremities/MSK,MRI,MRI,WO,Hand,Bilateral,Routine,,,"Hand, MRI, WO, Bilateral"
IMG01416,MRI hand (W) Left,Extremities/MSK,MRI,MRI,W,Hand,Left,Routine,,,"Hand, MRI, W, Left"
IMG01417,MRI hand (W) Right,Extremities/MSK,MRI,MRI,W,Hand,Right,Routine,,,"Hand, MRI, W, Right"
IMG01418,MRI hand (W) Bilateral,Extremities/MSK,MRI,MRI,W,Hand,Bilateral,Routine,,,"Hand, MRI, W, Bilateral"
IMG01419,Ultrasound hand (N/A) Left,Extremities/MSK,Ultrasound,Ultrasound,N/A,Hand,Left,Routine,,,"Hand, Ultrasound, N/A, Left"
IMG01420,Ultrasound hand (N/A) Right,Extremities/MSK,Ultrasound,Ultrasound,N/A,Hand,Right,Routine,,,"Hand, Ultrasound, N/A, Right"
IMG01421,Ultrasound hand (N/A) Bilateral,Extremities/MSK,Ultrasound,Ultrasound,N/A,Hand,Bilateral,Routine,,,"Hand, Ultrasound, N/A, Bilateral"
IMG01422,Ultrasound hand (WO) Left,Extremities/MSK,Ultrasound,Ultrasound,WO,Hand,Left,Routine,,,"Hand, Ultrasound, WO, Left"
IMG01423,Ultrasound hand (WO) Right,Extremities/MSK,Ultrasound,Ultrasound,WO,Hand,Right,Routine,,,"Hand, Ultrasound, WO, Right"
IMG01424,Ultrasound hand (WO) Bilateral,Extremities/MSK,Ultrasound,Ultrasound,WO,Hand,Bilateral,Routine,,,"Hand, Ultrasound, WO, Bilateral"
IMG01425,Ultrasound hand (W) Left,Extremities/MSK,Ultrasound,Ultrasound,W,Hand,Left,Routine,,,"Hand, Ultrasound, W, Left"
IMG01426,Ultrasound hand (W) Right,Extremities/MSK,Ultrasound,Ultrasound,W,Hand,Right,Routine,,,"Hand, Ultrasound, W, Right"
IMG01427,Ultrasound hand (W) Bilateral,Extremities/MSK,Ultrasound,Ultrasound,W,Hand,Bilateral,Routine,,,"Hand, Ultrasound, W, Bilateral"
IMG01428,X-ray hip (N/A) Left,Extremities/MSK,X-ray,X-ray,N/A,Hip,Left,Routine,,,"Hip, X-ray, N/A, Left"
IMG01429,X-ray hip (N/A) Right,Extremities/MSK,X-ray,X-ray,N/A,Hip,Right,Routine,,,"Hip, X-ray, N/A, Right"
IMG01430,X-ray hip (N/A) Bilateral,Extremities/MSK,X-ray,X-ray,N/A,Hip,Bilateral,Routine,,,"Hip, X-ray, N/A, Bilateral"
IMG01431,X-ray hip (WO) Left,Extremities/MSK,X-ray,X-ray,WO,Hip,Left,Routine,,,"Hip, X-ray, WO, Left"
IMG01432,X-ray hip (WO) Right,Extremities/MSK,X-ray,X-ray,WO,Hip,Right,Routine,,,"Hip, X-ray, WO, Right"
IMG01433,X-ray hip (WO) Bilateral,Extremities/MSK,X-ray,X-ray,WO,Hip,Bilateral,Routine,,,"Hip, X-ray, WO, Bilateral"
IMG01434,X-ray hip (W) Left,Extremities/MSK,X-ray,X-ray,W,Hip,Left,Routine,,,"Hip, X-ray, W, Left"
IMG01435,X-ray hip (W) Right,Extremities/MSK,X-ray,X-ray,W,Hip,Right,Routine,,,"Hip, X-ray, W, Right"
IMG01436,X-ray hip (W) Bilateral,Extremities/MSK,X-ray,X-ray,W,Hip,Bilateral,Routine,,,"Hip, X-ray, W, Bilateral"
IMG01437,MRI hip (N/A) Left,Extremities/MSK,MRI,MRI,N/A,Hip,Left,Routine,,,"Hip, MRI, N/A, Left"
IMG01438,MRI hip (N/A) Right,Extremities/MSK,MRI,MRI,N/A,Hip,Right,Routine,,,"Hip, MRI, N/A, Right"
IMG01439,MRI hip (N/A) Bilateral,Extremities/MSK,MRI,MRI,N/A,Hip,Bilateral,Routine,,,"Hip, MRI, N/A, Bilateral"
IMG01440,MRI hip (WO) Left,Extremities/MSK,MRI,MRI,WO,Hip,Left,Routine,,,"Hip, MRI, WO, Left"
IMG01441,MRI hip (WO) Right,Extremities/MSK,MRI,MRI,WO,Hip,Right,Routine,,,"Hip, MRI, WO, Right"
IMG01442,MRI hip (WO) Bilateral,Extremities/MSK,MRI,MRI,WO,Hip,Bilateral,Routine,,,"Hip, MRI, WO, Bilateral"
IMG01443,MRI hip (W) Left,Extremities/MSK,MRI,MRI,W,Hip,Left,Routine,,,"Hip, MRI, W, Left"
IMG01444,MRI hip (W) Right,Extremities/MSK,MRI,MRI,W,Hip,Right,Routine,,,"Hip, MRI, W, Right"
IMG01445,MRI hip (W) Bilateral,Extremities/MSK,MRI,MRI,W,Hip,Bilateral,Routine,,,"Hip, MRI, W, Bilateral"
IMG01446,Ultrasound hip (N/A) Left,Extremities/MSK,Ultrasound,Ultrasound,N/A,Hip,Left,Routine,,,"Hip, Ultrasound, N/A, Left"
IMG01447,Ultrasound hip (N/A) Right,Extremities/MSK,Ultrasound,Ultrasound,N/A,Hip,Right,Routine,,,"Hip, Ultrasound, N/A, Right"
IMG01448,Ultrasound hip (N/A) Bilateral,Extremities/MSK,Ultrasound,Ultrasound,N/A,Hip,Bilateral,Routine,,,"Hip, Ultrasound, N/A, Bilateral"
IMG01449,Ultrasound hip (WO) Left,Extremities/MSK,Ultrasound,Ultrasound,WO,Hip,Left,Routine,,,"Hip, Ultrasound, WO, Left"
IMG01450,Ultrasound hip (WO) Right,Extremities/MSK,Ultrasound,Ultrasound,WO,Hip,Right,Routine,,,"Hip, Ultrasound, WO, Right"
IMG01451,Ultrasound hip (WO) Bilateral,Extremities/MSK,Ultrasound,Ultrasound,WO,Hip,Bilateral,Routine,,,"Hip, Ultrasound, WO, Bilateral"
IMG01452,Ultrasound hip (W) Left,Extremities/MSK,Ultrasound,Ultrasound,W,Hip,Left,Routine,,,"Hip, Ultrasound, W, Left"
IMG01453,Ultrasound hip (W) Right,Extremities/MSK,Ultrasound,Ultrasound,W,Hip,Right,Routine,,,"Hip, Ultrasound, W, Right"
IMG01454,Ultrasound hip (W) Bilateral,Extremities/MSK,Ultrasound,Ultrasound,W,Hip,Bilateral,Routine,,,"Hip, Ultrasound, W, Bilateral"
IMG01455,X-ray knee (N/A) Left,Extremities/MSK,X-ray,X-ray,N/A,Knee,Left,Routine,,,"Knee, X-ray, N/A, Left"
IMG01456,X-ray knee (N/A) Right,Extremities/MSK,X-ray,X-ray,N/A,Knee,Right,Routine,,,"Knee, X-ray, N/A, Right"
IMG01457,X-ray knee (N/A) Bilateral,Extremities/MSK,X-ray,X-ray,N/A,Knee,Bilateral,Routine,,,"Knee, X-ray, N/A, Bilateral"
IMG01458,X-ray knee (WO) Left,Extremities/MSK,X-ray,X-ray,WO,Knee,Left,Routine,,,"Knee, X-ray, WO, Left"
IMG01459,X-ray knee (WO) Right,Extremities/MSK,X-ray,X-ray,WO,Knee,Right,Routine,,,"Knee, X-ray, WO, Right"
IMG01460,X-ray knee (WO) Bilateral,Extremities/MSK,X-ray,X-ray,WO,Knee,Bilateral,Routine,,,"Knee, X-ray, WO, Bilateral"
IMG01461,X-ray knee (W) Left,Extremities/MSK,X-ray,X-ray,W,Knee,Left,Routine,,,"Knee, X-ray, W, Left"
IMG01462,X-ray knee (W) Right,Extremities/MSK,X-ray,X-ray,W,Knee,Right,Routine,,,"Knee, X-ray, W, Right"
IMG01463,X-ray knee (W) Bilateral,Extremities/MSK,X-ray,X-ray,W,Knee,Bilateral,Routine,,,"Knee, X-ray, W, Bilateral"
IMG01464,MRI knee (N/A) Left,Extremities/MSK,MRI,MRI,N/A,Knee,Left,Routine,,,"Knee, MRI, N/A, Left"
IMG01465,MRI knee (N/A) Right,Extremities/MSK,MRI,MRI,N/A,Knee,Right,Routine,,,"Knee, MRI, N/A, Right"
IMG01466,MRI knee (N/A) Bilateral,Extremities/MSK,MRI,MRI,N/A,Knee,Bilateral,Routine,,,"Knee, MRI, N/A, Bilateral"
IMG01467,MRI knee (WO) Left,Extremities/MSK,MRI,MRI,WO,Knee,Left,Routine,,,"Knee, MRI, WO, Left"
IMG01468,MRI knee (WO) Right,Extremities/MSK,MRI,MRI,WO,Knee,Right,Routine,,,"Knee, MRI, WO, Right"
IMG01469,MRI knee (WO) Bilateral,Extremities/MSK,MRI,MRI,WO,Knee,Bilateral,Routine,,,"Knee, MRI, WO, Bilateral"
IMG01470,MRI knee (W) Left,Extremities/MSK,MRI,MRI,W,Knee,Left,Routine,,,"Knee, MRI, W, Left"
IMG01471,MRI knee (W) Right,Extremities/MSK,MRI,MRI,W,Knee,Right,Routine,,,"Knee, MRI, W, Right"
IMG01472,MRI knee (W) Bilateral,Extremities/MSK,MRI,MRI,W,Knee,Bilateral,Routine,,,"Knee, MRI, W, Bilateral"
IMG01473,Ultrasound knee (N/A) Left,Extremities/MSK,Ultrasound,Ultrasound,N/A,Knee,Left,Routine,,,"Knee, Ultrasound, N/A, Left"
IMG01474,Ultrasound knee (N/A) Right,Extremities/MSK,Ultrasound,Ultrasound,N/A,Knee,Right,Routine,,,"Knee, Ultrasound, N/A, Right"
IMG01475,Ultrasound knee (N/A) Bilateral,Extremities/MSK,Ultrasound,Ultrasound,N/A,Knee,Bilateral,Routine,,,"Knee, Ultrasound, N/A, Bilateral"
IMG01476,Ultrasound knee (WO) Left,Extremities/MSK,Ultrasound,Ultrasound,WO,Knee,Left,Routine,,,"Knee, Ultrasound, WO, Left"
IMG01477,Ultrasound knee (WO) Right,Extremities/MSK,Ultrasound,Ultrasound,WO,Knee,Right,Routine,,,"Knee, Ultrasound, WO, Right"
IMG01478,Ultrasound knee (WO) Bilateral,Extremities/MSK,Ultrasound,Ultrasound,WO,Knee,Bilateral,Routine,,,"Knee, Ultrasound, WO, Bilateral"
IMG01479,Ultrasound knee (W) Left,Extremities/MSK,Ultrasound,Ultrasound,W,Knee,Left,Routine,,,"Knee, Ultrasound, W, Left"
IMG01480,Ultrasound knee (W) Right,Extremities/MSK,Ultrasound,Ultrasound,W,Knee,Right,Routine,,,"Knee, Ultrasound, W, Right"
IMG01481,Ultrasound knee (W) Bilateral,Extremities/MSK,Ultrasound,Ultrasound,W,Knee,Bilateral,Routine,,,"Knee, Ultrasound, W, Bilateral"
IMG01482,X-ray ankle (N/A) Left,Extremities/MSK,X-ray,X-ray,N/A,Ankle,Left,Routine,,,"Ankle, X-ray, N/A, Left"
IMG01483,X-ray ankle (N/A) Right,Extremities/MSK,X-ray,X-ray,N/A,Ankle,Right,Routine,,,"Ankle, X-ray, N/A, Right"
IMG01484,X-ray ankle (N/A) Bilateral,Extremities/MSK,X-ray,X-ray,N/A,Ankle,Bilateral,Routine,,,"Ankle, X-ray, N/A, Bilateral"
IMG01485,X-ray ankle (WO) Left,Extremities/MSK,X-ray,X-ray,WO,Ankle,Left,Routine,,,"Ankle, X-ray, WO, Left"
IMG01486,X-ray ankle (WO) Right,Extremities/MSK,X-ray,X-ray,WO,Ankle,Right,Routine,,,"Ankle, X-ray, WO, Right"
IMG01487,X-ray ankle (WO) Bilateral,Extremities/MSK,X-ray,X-ray,WO,Ankle,Bilateral,Routine,,,"Ankle, X-ray, WO, Bilateral"
IMG01488,X-ray ankle (W) Left,Extremities/MSK,X-ray,X-ray,W,Ankle,Left,Routine,,,"Ankle, X-ray, W, Left"
IMG01489,X-ray ankle (W) Right,Extremities/MSK,X-ray,X-ray,W,Ankle,Right,Routine,,,"Ankle, X-ray, W, Right"
IMG01490,X-ray ankle (W) Bilateral,Extremities/MSK,X-ray,X-ray,W,Ankle,Bilateral,Routine,,,"Ankle, X-ray, W, Bilateral"
IMG01491,MRI ankle (N/A) Left,Extremities/MSK,MRI,MRI,N/A,Ankle,Left,Routine,,,"Ankle, MRI, N/A, Left"
IMG01492,MRI ankle (N/A) Right,Extremities/MSK,MRI,MRI,N/A,Ankle,Right,Routine,,,"Ankle, MRI, N/A, Right"
IMG01493,MRI ankle (N/A) Bilateral,Extremities/MSK,MRI,MRI,N/A,Ankle,Bilateral,Routine,,,"Ankle, MRI, N/A, Bilateral"
IMG01494,MRI ankle (WO) Left,Extremities/MSK,MRI,MRI,WO,Ankle,Left,Routine,,,"Ankle, MRI, WO, Left"
IMG01495,MRI ankle (WO) Right,Extremities/MSK,MRI,MRI,WO,Ankle,Right,Routine,,,"Ankle, MRI, WO, Right"
IMG01496,MRI ankle (WO) Bilateral,Extremities/MSK,MRI,MRI,WO,Ankle,Bilateral,Routine,,,"Ankle, MRI, WO, Bilateral"
IMG01497,MRI ankle (W) Left,Extremities/MSK,MRI,MRI,W,Ankle,Left,Routine,,,"Ankle, MRI, W, Left"
IMG01498,MRI ankle (W) Right,Extremities/MSK,MRI,MRI,W,Ankle,Right,Routine,,,"Ankle, MRI, W, Right"
IMG01499,MRI ankle (W) Bilateral,Extremities/MSK,MRI,MRI,W,Ankle,Bilateral,Routine,,,"Ankle, MRI, W, Bilateral"
IMG01500,Ultrasound ankle (N/A) Left,Extremities/MSK,Ultrasound,Ultrasound,N/A,Ankle,Left,Routine,,,"Ankle, Ultrasound, N/A, Left"
IMG01501,Ultrasound ankle (N/A) Right,Extremities/MSK,Ultrasound,Ultrasound,N/A,Ankle,Right,Routine,,,"Ankle, Ultrasound, N/A, Right"
IMG01502,Ultrasound ankle (N/A) Bilateral,Extremities/MSK,Ultrasound,Ultrasound,N/A,Ankle,Bilateral,Routine,,,"Ankle, Ultrasound, N/A, Bilateral"
IMG01503,Ultrasound ankle (WO) Left,Extremities/MSK,Ultrasound,Ultrasound,WO,Ankle,Left,Routine,,,"Ankle, Ultrasound, WO, Left"
IMG01504,Ultrasound ankle (WO) Right,Extremities/MSK,Ultrasound,Ultrasound,WO,Ankle,Right,Routine,,,"Ankle, Ultrasound, WO, Right"
IMG01505,Ultrasound ankle (WO) Bilateral,Extremities/MSK,Ultrasound,Ultrasound,WO,Ankle,Bilateral,Routine,,,"Ankle, Ultrasound, WO, Bilateral"
IMG01506,Ultrasound ankle (W) Left,Extremities/MSK,Ultrasound,Ultrasound,W,Ankle,Left,Routine,,,"Ankle, Ultrasound, W, Left"
IMG01507,Ultrasound ankle (W) Right,Extremities/MSK,Ultrasound,Ultrasound,W,Ankle,Right,Routine,,,"Ankle, Ultrasound, W, Right"
IMG01508,Ultrasound ankle (W) Bilateral,Extremities/MSK,Ultrasound,Ultrasound,W,Ankle,Bilateral,Routine,,,"Ankle, Ultrasound, W, Bilateral"
IMG01509,X-ray foot (N/A) Left,Extremities/MSK,X-ray,X-ray,N/A,Foot,Left,Routine,,,"Foot, X-ray, N/A, Left"
IMG01510,X-ray foot (N/A) Right,Extremities/MSK,X-ray,X-ray,N/A,Foot,Right,Routine,,,"Foot, X-ray, N/A, Right"
IMG01511,X-ray foot (N/A) Bilateral,Extremities/MSK,X-ray,X-ray,N/A,Foot,Bilateral,Routine,,,"Foot, X-ray, N/A, Bilateral"
IMG01512,X-ray foot (WO) Left,Extremities/MSK,X-ray,X-ray,WO,Foot,Left,Routine,,,"Foot, X-ray, WO, Left"
IMG01513,X-ray foot (WO) Right,Extremities/MSK,X-ray,X-ray,WO,Foot,Right,Routine,,,"Foot, X-ray, WO, Right"
IMG01514,X-ray foot (WO) Bilateral,Extremities/MSK,X-ray,X-ray,WO,Foot,Bilateral,Routine,,,"Foot, X-ray, WO, Bilateral"
IMG01515,X-ray foot (W) Left,Extremities/MSK,X-ray,X-ray,W,Foot,Left,Routine,,,"Foot, X-ray, W, Left"
IMG01516,X-ray foot (W) Right,Extremities/MSK,X-ray,X-ray,W,Foot,Right,Routine,,,"Foot, X-ray, W, Right"
IMG01517,X-ray foot (W) Bilateral,Extremities/MSK,X-ray,X-ray,W,Foot,Bilateral,Routine,,,"Foot, X-ray, W, Bilateral"
IMG01518,MRI foot (N/A) Left,Extremities/MSK,MRI,MRI,N/A,Foot,Left,Routine,,,"Foot, MRI, N/A, Left"
IMG01519,MRI foot (N/A) Right,Extremities/MSK,MRI,MRI,N/A,Foot,Right,Routine,,,"Foot, MRI, N/A, Right"
IMG01520,MRI foot (N/A) Bilateral,Extremities/MSK,MRI,MRI,N/A,Foot,Bilateral,Routine,,,"Foot, MRI, N/A, Bilateral"
IMG01521,MRI foot (WO) Left,Extremities/MSK,MRI,MRI,WO,Foot,Left,Routine,,,"Foot, MRI, WO, Left"
IMG01522,MRI foot (WO) Right,Extremities/MSK,MRI,MRI,WO,Foot,Right,Routine,,,"Foot, MRI, WO, Right"
IMG01523,MRI foot (WO) Bilateral,Extremities/MSK,MRI,MRI,WO,Foot,Bilateral,Routine,,,"Foot, MRI, WO, Bilateral"
IMG01524,MRI foot (W) Left,Extremities/MSK,MRI,MRI,W,Foot,Left,Routine,,,"Foot, MRI, W, Left"
IMG01525,MRI foot (W) Right,Extremities/MSK,MRI,MRI,W,Foot,Right,Routine,,,"Foot, MRI, W, Right"
IMG01526,MRI foot (W) Bilateral,Extremities/MSK,MRI,MRI,W,Foot,Bilateral,Routine,,,"Foot, MRI, W, Bilateral"
IMG01527,Ultrasound foot (N/A) Left,Extremities/MSK,Ultrasound,Ultrasound,N/A,Foot,Left,Routine,,,"Foot, Ultrasound, N/A, Left"
IMG01528,Ultrasound foot (N/A) Right,Extremities/MSK,Ultrasound,Ultrasound,N/A,Foot,Right,Routine,,,"Foot, Ultrasound, N/A, Right"
IMG01529,Ultrasound foot (N/A) Bilateral,Extremities/MSK,Ultrasound,Ultrasound,N/A,Foot,Bilateral,Routine,,,"Foot, Ultrasound, N/A, Bilateral"
IMG01530,Ultrasound foot (WO) Left,Extremities/MSK,Ultrasound,Ultrasound,WO,Foot,Left,Routine,,,"Foot, Ultrasound, WO, Left"
IMG01531,Ultrasound foot (WO) Right,Extremities/MSK,Ultrasound,Ultrasound,WO,Foot,Right,Routine,,,"Foot, Ultrasound, WO, Right"
IMG01532,Ultrasound foot (WO) Bilateral,Extremities/MSK,Ultrasound,Ultrasound,WO,Foot,Bilateral,Routine,,,"Foot, Ultrasound, WO, Bilateral"
IMG01533,Ultrasound foot (W) Left,Extremities/MSK,Ultrasound,Ultrasound,W,Foot,Left,Routine,,,"Foot, Ultrasound, W, Left"
IMG01534,Ultrasound foot (W) Right,Extremities/MSK,Ultrasound,Ultrasound,W,Foot,Right,Routine,,,"Foot, Ultrasound, W, Right"
IMG01535,Ultrasound foot (W) Bilateral,Extremities/MSK,Ultrasound,Ultrasound,W,Foot,Bilateral,Routine,,,"Foot, Ultrasound, W, Bilateral"
IMG01536,Coronary CT angiography,Cardiac,CT,CT,Angio,Coronary arteries,,Routine,,,"Coronary arteries, CT, Angio"
IMG01537,Echocardiogram transthoracic,Cardiac,Ultrasound,Ultrasound,N/A,Heart,,Routine,,,"Heart, Ultrasound, N/A"
IMG01538,Mammography screening bilateral,Breast,Mammography,Mammography,N/A,Breast,,Routine,,,"Breast, Mammography, N/A"
IMG01539,Pelvic ultrasound transvaginal,OB/GYN,Ultrasound,Ultrasound,N/A,Pelvis,,Routine,,,"Pelvis, Ultrasound, N/A"
IMG01540,Obstetric ultrasound 2nd trimester,OB/GYN,Ultrasound,Ultrasound,N/A,Pregnancy,,Routine,,,"Pregnancy, Ultrasound, N/A"
IMG01541,Carotid duplex ultrasound,Vascular,Ultrasound,Ultrasound,Doppler,Carotids,,Routine,,,"Carotids, Ultrasound, Doppler"
IMG01542,Venous duplex ultrasound lower extremity,Vascular,Ultrasound,Ultrasound,Doppler,Leg veins,,Routine,,,"Leg veins, Ultrasound, Doppler"
IMG01543,DEXA bone density,Bone/Metabolic,DEXA,DEXA,N/A,Spine/Hip,,Routine,,,"Spine/Hip, DEXA, N/A"
IMG01544,PET-CT oncology staging,Nuclear Medicine,PET-CT,Nuclear Medicine,Tracer,Whole body,,Routine,,,"Whole body, Nuclear Medicine, Tracer"
IMG01545,Barium swallow,Interventional/Fluoroscopy,Fluoroscopy,Fluoroscopy,N/A,Esophagus,,Routine,,,"Esophagus, Fluoroscopy, N/A"
